{
  "id": "",
  "name": "",
  "font_family": "iconfont",
  "css_prefix_text": "icon-",
  "description": "",
  "glyphs": [
    {
      "icon_id": "1306",
      "name": "购物车空",
      "font_class": "gouwuchekong",
      "unicode": "f0179",
      "unicode_decimal": 983417
    },
    {
      "icon_id": "5030",
      "name": "购物车满",
      "font_class": "gouwucheman",
      "unicode": "344b",
      "unicode_decimal": 13387
    },
    {
      "icon_id": "643731",
      "name": "美元",
      "font_class": "1",
      "unicode": "e600",
      "unicode_decimal": 58880
    },
    {
      "icon_id": "667135",
      "name": "首页",
      "font_class": "11",
      "unicode": "e611",
      "unicode_decimal": 58897
    },
    {
      "icon_id": "773011",
      "name": "quantity",
      "font_class": "quantity",
      "unicode": "e67b",
      "unicode_decimal": 59003
    },
    {
      "icon_id": "3216478",
      "name": "购物车",
      "font_class": "gouwuche",
      "unicode": "e6a5",
      "unicode_decimal": 59045
    },
    {
      "icon_id": "7275151",
      "name": "email (Filled)",
      "font_class": "emailFilled",
      "unicode": "e647",
      "unicode_decimal": 58951
    },
    {
      "icon_id": "11756205",
      "name": "购物车",
      "font_class": "V",
      "unicode": "e715",
      "unicode_decimal": 59157
    },
    {
      "icon_id": "12684939",
      "name": "车",
      "font_class": "icon_huabanfuben",
      "unicode": "e626",
      "unicode_decimal": 58918
    },
    {
      "icon_id": "15023388",
      "name": "会员",
      "font_class": "huiyuan",
      "unicode": "e641",
      "unicode_decimal": 58945
    },
    {
      "icon_id": "17817458",
      "name": "首页",
      "font_class": "shouye",
      "unicode": "e601",
      "unicode_decimal": 58881
    },
    {
      "icon_id": "18008373",
      "name": "资讯",
      "font_class": "zixun",
      "unicode": "e60c",
      "unicode_decimal": 58892
    },
    {
      "icon_id": "18644567",
      "name": "会员",
      "font_class": "huiyuan1",
      "unicode": "e610",
      "unicode_decimal": 58896
    },
    {
      "icon_id": "19739005",
      "name": "资讯",
      "font_class": "zixun1",
      "unicode": "f1a0",
      "unicode_decimal": 61856
    }
  ]
}
